Residue_Number,Residue_Name,Window,Hydropathy_Cutoff,Minimum_Blob_Length,blob_length,Normalized_Mean_Blob_Hydropathy,Blob_Type,Blob_Index_Number,Blob_Das-Pappu_Class,Blob_NCPR,Fraction_of_Positively_Charged_Residues,Fraction_of_Negatively_Charged_Residues,Fraction_of_Charged_Residues,Uversky_Diagram_Score,dSNP_enrichment,Blob_Disorder,Normalized_Kyte-Doolittle_hydropathy,Kyte-Doolittle_hydropathy
1,L,3,0.4,4,6,0.4388888888888889,h,h1,2,0.3333333333333333,0.3333333333333333,0.0,0.3333333333333333,0.08828140007346019,0,0.0,0.9222222222222223,3.8000000000000007
2,T,3,0.4,4,6,0.4388888888888889,h,h1,2,0.3333333333333333,0.3333333333333333,0.0,0.3333333333333333,0.08828140007346019,0,0.0,0.4222222222222222,-0.7000000000000002
3,R,3,0.4,4,6,0.4388888888888889,h,h1,2,0.3333333333333333,0.3333333333333333,0.0,0.3333333333333333,0.08828140007346019,0,0.0,0.0,-4.5
4,V,3,0.4,4,6,0.4388888888888889,h,h1,2,0.3333333333333333,0.3333333333333333,0.0,0.3333333333333333,0.08828140007346019,0,0.0,0.9666666666666666,4.199999999999999
5,P,3,0.4,4,6,0.4388888888888889,h,h1,2,0.3333333333333333,0.3333333333333333,0.0,0.3333333333333333,0.08828140007346019,0,0.0,0.3222222222222222,-1.6000000000000005
6,R,3,0.4,4,6,0.4388888888888889,h,h1,2,0.3333333333333333,0.3333333333333333,0.0,0.3333333333333333,0.08828140007346019,0,0.0,0.0,-4.5
