Residue_Number,Residue_Name,Window,Hydropathy_Cutoff,Minimum_Blob_Length,blob_length,Normalized_Mean_Blob_Hydropathy,Blob_Type,Blob_Index_Number,Blob_Das-Pappu_Class,Blob_NCPR,Fraction_of_Positively_Charged_Residues,Fraction_of_Negatively_Charged_Residues,Fraction_of_Charged_Residues,Uversky_Diagram_Score,dSNP_enrichment,Blob_Disorder,Normalized_Kyte-Doolittle_hydropathy,Kyte-Doolittle_hydropathy
1,R,3,0.4,4,4,0.2861111111111111,p,p1,5,0.5,0.5,0.0,0.5,0.288394405509862,0,0.0,0.0,-4.5
2,N,3,0.4,4,4,0.2861111111111111,p,p1,5,0.5,0.5,0.0,0.5,0.288394405509862,0,0.0,0.1111111111111111,-3.5
3,K,3,0.4,4,4,0.2861111111111111,p,p1,5,0.5,0.5,0.0,0.5,0.288394405509862,0,0.0,0.06666666666666668,-3.9
4,V,3,0.4,4,4,0.2861111111111111,p,p1,5,0.5,0.5,0.0,0.5,0.288394405509862,0,0.0,0.9666666666666666,4.199999999999999
5,S,3,0.4,4,4,0.4861111111111111,h,h1,2,-0.25,0.0,0.25,0.25,0.01567560480910699,0,0.0,0.41111111111111115,-0.7999999999999998
6,V,3,0.4,4,4,0.4861111111111111,h,h1,2,-0.25,0.0,0.25,0.25,0.01567560480910699,0,0.0,0.9666666666666666,4.199999999999999
7,G,3,0.4,4,4,0.4861111111111111,h,h1,2,-0.25,0.0,0.25,0.25,0.01567560480910699,0,0.0,0.4555555555555555,-0.40000000000000036
8,E,3,0.4,4,4,0.4861111111111111,h,h1,2,-0.25,0.0,0.25,0.25,0.01567560480910699,0,0.0,0.1111111111111111,-3.5
9,R,3,0.4,4,5,0.28888888888888886,p,p2,5,0.4,0.4,0.0,0.4,0.2519859011549853,0,0.0,0.0,-4.5
10,K,3,0.4,4,5,0.28888888888888886,p,p2,5,0.4,0.4,0.0,0.4,0.2519859011549853,0,0.0,0.06666666666666668,-3.9
11,G,3,0.4,4,5,0.28888888888888886,p,p2,5,0.4,0.4,0.0,0.4,0.2519859011549853,0,0.0,0.4555555555555555,-0.40000000000000036
12,H,3,0.4,4,5,0.28888888888888886,p,p2,5,0.4,0.4,0.0,0.4,0.2519859011549853,0,0.0,0.14444444444444443,-3.2
13,C,3,0.4,4,5,0.28888888888888886,p,p2,5,0.4,0.4,0.0,0.4,0.2519859011549853,0,0.0,0.7777777777777778,2.5
