Residue_Number,Residue_Name,Window,Hydropathy_Cutoff,Minimum_Blob_Length,blob_length,Normalized_Mean_Blob_Hydropathy,Blob_Type,Blob_Index_Number,Blob_Das-Pappu_Class,Blob_NCPR,Fraction_of_Positively_Charged_Residues,Fraction_of_Negatively_Charged_Residues,Fraction_of_Charged_Residues,Uversky_Diagram_Score,dSNP_enrichment,Blob_Disorder,Normalized_Kyte-Doolittle_hydropathy,Kyte-Doolittle_hydropathy
1,V,3,0.4,4,8,0.44166666666666665,p,p1,2,-0.25,0.0,0.25,0.25,0.05750525426258918,0,0.0,0.9666666666666666,4.199999999999999
2,G,3,0.4,4,8,0.44166666666666665,p,p1,2,-0.25,0.0,0.25,0.25,0.05750525426258918,0,0.0,0.4555555555555555,-0.40000000000000036
3,E,3,0.4,4,8,0.44166666666666665,p,p1,2,-0.25,0.0,0.25,0.25,0.05750525426258918,0,0.0,0.1111111111111111,-3.5
4,P,3,0.4,4,8,0.44166666666666665,p,p1,2,-0.25,0.0,0.25,0.25,0.05750525426258918,0,0.0,0.3222222222222222,-1.6000000000000005
5,A,3,0.4,4,8,0.44166666666666665,p,p1,2,-0.25,0.0,0.25,0.25,0.05750525426258918,0,0.0,0.7,1.7999999999999998
6,E,3,0.4,4,8,0.44166666666666665,p,p1,2,-0.25,0.0,0.25,0.25,0.05750525426258918,0,0.0,0.1111111111111111,-3.5
7,G,3,0.4,4,8,0.44166666666666665,p,p1,2,-0.25,0.0,0.25,0.25,0.05750525426258918,0,0.0,0.4555555555555555,-0.40000000000000036
8,S,3,0.4,4,8,0.44166666666666665,p,p1,2,-0.25,0.0,0.25,0.25,0.05750525426258918,0,0.0,0.41111111111111115,-0.7999999999999998
9,L,3,0.4,4,4,0.5638888888888889,h,h1,2,0.25,0.25,0.0,0.25,-0.05752628173448682,0,0.0,0.9222222222222223,3.8000000000000007
10,L,3,0.4,4,4,0.5638888888888889,h,h1,2,0.25,0.25,0.0,0.25,-0.05752628173448682,0,0.0,0.9222222222222223,3.8000000000000007
11,R,3,0.4,4,4,0.5638888888888889,h,h1,2,0.25,0.25,0.0,0.25,-0.05752628173448682,0,0.0,0.0,-4.5
12,S,3,0.4,4,4,0.5638888888888889,h,h1,2,0.25,0.25,0.0,0.25,-0.05752628173448682,0,0.0,0.41111111111111115,-0.7999999999999998
13,H,3,0.4,4,3,0.12222222222222222,s,s1,1,0.0,0.0,0.0,0.0,0.2736704815494071,0,0.0,0.14444444444444443,-3.2
14,N,3,0.4,4,3,0.12222222222222222,s,s1,1,0.0,0.0,0.0,0.0,0.2736704815494071,0,0.0,0.1111111111111111,-3.5
15,N,3,0.4,4,3,0.12222222222222222,s,s1,1,0.0,0.0,0.0,0.0,0.2736704815494071,0,0.0,0.1111111111111111,-3.5
