Residue_Number,Residue_Name,Window,Hydropathy_Cutoff,Minimum_Blob_Length,blob_length,Normalized_Mean_Blob_Hydropathy,Blob_Type,Blob_Index_Number,Blob_Das-Pappu_Class,Blob_NCPR,Fraction_of_Positively_Charged_Residues,Fraction_of_Negatively_Charged_Residues,Fraction_of_Charged_Residues,Uversky_Diagram_Score,dSNP_enrichment,Blob_Disorder,Normalized_Kyte-Doolittle_hydropathy,Kyte-Doolittle_hydropathy
1,G,3,0.4,4,3,0.2888888888888889,s,s1,2,0.3333333333333333,0.3333333333333333,0.0,0.3333333333333333,0.22945646697896252,0,0.0,0.4555555555555555,-0.40000000000000036
2,R,3,0.4,4,3,0.2888888888888889,s,s1,2,0.3333333333333333,0.3333333333333333,0.0,0.3333333333333333,0.22945646697896252,0,0.0,0.0,-4.5
3,S,3,0.4,4,3,0.2888888888888889,s,s1,2,0.3333333333333333,0.3333333333333333,0.0,0.3333333333333333,0.22945646697896252,0,0.0,0.41111111111111115,-0.7999999999999998
4,L,3,0.4,4,5,0.5599999999999999,h,h1,1,0.0,0.0,0.0,0.0,-0.13835156556739225,0,0.0,0.9222222222222223,3.8000000000000007
5,P,3,0.4,4,5,0.5599999999999999,h,h1,1,0.0,0.0,0.0,0.0,-0.13835156556739225,0,0.0,0.3222222222222222,-1.6000000000000005
6,I,3,0.4,4,5,0.5599999999999999,h,h1,1,0.0,0.0,0.0,0.0,-0.13835156556739225,0,0.0,1.0,4.5
7,S,3,0.4,4,5,0.5599999999999999,h,h1,1,0.0,0.0,0.0,0.0,-0.13835156556739225,0,0.0,0.41111111111111115,-0.7999999999999998
8,H,3,0.4,4,5,0.5599999999999999,h,h1,1,0.0,0.0,0.0,0.0,-0.13835156556739225,0,0.0,0.14444444444444443,-3.2
9,N,3,0.4,4,2,0.1111111111111111,s,s2,1,0.0,0.0,0.0,0.0,0.28412789391277765,0,0.0,0.1111111111111111,-3.5
10,N,3,0.4,4,2,0.1111111111111111,s,s2,1,0.0,0.0,0.0,0.0,0.28412789391277765,0,0.0,0.1111111111111111,-3.5
