Residue_Number,Residue_Name,Window,Hydropathy_Cutoff,Minimum_Blob_Length,blob_length,Normalized_Mean_Blob_Hydropathy,Blob_Type,Blob_Index_Number,Blob_Das-Pappu_Class,Blob_NCPR,Fraction_of_Positively_Charged_Residues,Fraction_of_Negatively_Charged_Residues,Fraction_of_Charged_Residues,Uversky_Diagram_Score,dSNP_enrichment,Blob_Disorder,Normalized_Kyte-Doolittle_hydropathy,Kyte-Doolittle_hydropathy
1,V,3,0.4,4,12,0.45740740740740743,p,p1,2,-0.08333333333333333,0.08333333333333333,0.16666666666666666,0.25,-0.013632998692242587,0,0.0,0.9666666666666666,4.199999999999999
2,G,3,0.4,4,12,0.45740740740740743,p,p1,2,-0.08333333333333333,0.08333333333333333,0.16666666666666666,0.25,-0.013632998692242587,0,0.0,0.4555555555555555,-0.40000000000000036
3,E,3,0.4,4,12,0.45740740740740743,p,p1,2,-0.08333333333333333,0.08333333333333333,0.16666666666666666,0.25,-0.013632998692242587,0,0.0,0.1111111111111111,-3.5
4,P,3,0.4,4,12,0.45740740740740743,p,p1,2,-0.08333333333333333,0.08333333333333333,0.16666666666666666,0.25,-0.013632998692242587,0,0.0,0.3222222222222222,-1.6000000000000005
5,A,3,0.4,4,12,0.45740740740740743,p,p1,2,-0.08333333333333333,0.08333333333333333,0.16666666666666666,0.25,-0.013632998692242587,0,0.0,0.7,1.7999999999999998
6,E,3,0.4,4,12,0.45740740740740743,p,p1,2,-0.08333333333333333,0.08333333333333333,0.16666666666666666,0.25,-0.013632998692242587,0,0.0,0.1111111111111111,-3.5
7,G,3,0.4,4,12,0.45740740740740743,p,p1,2,-0.08333333333333333,0.08333333333333333,0.16666666666666666,0.25,-0.013632998692242587,0,0.0,0.4555555555555555,-0.40000000000000036
8,S,3,0.4,4,12,0.45740740740740743,p,p1,2,-0.08333333333333333,0.08333333333333333,0.16666666666666666,0.25,-0.013632998692242587,0,0.0,0.41111111111111115,-0.7999999999999998
9,L,3,0.4,4,12,0.45740740740740743,p,p1,2,-0.08333333333333333,0.08333333333333333,0.16666666666666666,0.25,-0.013632998692242587,0,0.0,0.9222222222222223,3.8000000000000007
10,L,3,0.4,4,12,0.45740740740740743,p,p1,2,-0.08333333333333333,0.08333333333333333,0.16666666666666666,0.25,-0.013632998692242587,0,0.0,0.9222222222222223,3.8000000000000007
11,R,3,0.4,4,12,0.45740740740740743,p,p1,2,-0.08333333333333333,0.08333333333333333,0.16666666666666666,0.25,-0.013632998692242587,0,0.0,0.0,-4.5
12,Q,3,0.4,4,12,0.45740740740740743,p,p1,2,-0.08333333333333333,0.08333333333333333,0.16666666666666666,0.25,-0.013632998692242587,0,0.0,0.1111111111111111,-3.5
