Residue_Number,Residue_Name,Window,Hydropathy_Cutoff,Minimum_Blob_Length,blob_length,Normalized_Mean_Blob_Hydropathy,Blob_Type,Blob_Index_Number,Blob_Das-Pappu_Class,Blob_NCPR,Fraction_of_Positively_Charged_Residues,Fraction_of_Negatively_Charged_Residues,Fraction_of_Charged_Residues,Uversky_Diagram_Score,dSNP_enrichment,Blob_Disorder,Normalized_Kyte-Doolittle_hydropathy,Kyte-Doolittle_hydropathy
1,R,3,0.4,4,7,0.4253968253968254,p,p1,2,0.2857142857142857,0.2857142857142857,0.0,0.2857142857142857,0.08488723353182245,0,0.0,0.0,-4.5
2,N,3,0.4,4,7,0.4253968253968254,p,p1,2,0.2857142857142857,0.2857142857142857,0.0,0.2857142857142857,0.08488723353182245,0,0.0,0.1111111111111111,-3.5
3,K,3,0.4,4,7,0.4253968253968254,p,p1,2,0.2857142857142857,0.2857142857142857,0.0,0.2857142857142857,0.08488723353182245,0,0.0,0.06666666666666668,-3.9
4,V,3,0.4,4,7,0.4253968253968254,p,p1,2,0.2857142857142857,0.2857142857142857,0.0,0.2857142857142857,0.08488723353182245,0,0.0,0.9666666666666666,4.199999999999999
5,S,3,0.4,4,7,0.4253968253968254,p,p1,2,0.2857142857142857,0.2857142857142857,0.0,0.2857142857142857,0.08488723353182245,0,0.0,0.41111111111111115,-0.7999999999999998
6,V,3,0.4,4,7,0.4253968253968254,p,p1,2,0.2857142857142857,0.2857142857142857,0.0,0.2857142857142857,0.08488723353182245,0,0.0,0.9666666666666666,4.199999999999999
7,G,3,0.4,4,7,0.4253968253968254,p,p1,2,0.2857142857142857,0.2857142857142857,0.0,0.2857142857142857,0.08488723353182245,0,0.0,0.4555555555555555,-0.40000000000000036
