Residue_Number,Residue_Name,Window,Hydropathy_Cutoff,Minimum_Blob_Length,blob_length,Normalized_Mean_Blob_Hydropathy,Blob_Type,Blob_Index_Number,Blob_Das-Pappu_Class,Blob_NCPR,Fraction_of_Positively_Charged_Residues,Fraction_of_Negatively_Charged_Residues,Fraction_of_Charged_Residues,Uversky_Diagram_Score,dSNP_enrichment,Blob_Disorder,Normalized_Kyte-Doolittle_hydropathy,Kyte-Doolittle_hydropathy
1,G,3,0.4,4,2,0.22777777777777775,s,s1,5,0.5,0.5,0.0,0.5,0.34329582041755735,0,0.0,0.4555555555555555,-0.40000000000000036
2,R,3,0.4,4,2,0.22777777777777775,s,s1,5,0.5,0.5,0.0,0.5,0.34329582041755735,0,0.0,0.0,-4.5
3,I,3,0.4,4,6,0.7055555555555556,h,h1,1,-0.16666666666666666,0.0,0.16666666666666666,0.16666666666666666,-0.2190200820874897,0,0.0,1.0,4.5
4,I,3,0.4,4,6,0.7055555555555556,h,h1,1,-0.16666666666666666,0.0,0.16666666666666666,0.16666666666666666,-0.2190200820874897,0,0.0,1.0,4.5
5,A,3,0.4,4,6,0.7055555555555556,h,h1,1,-0.16666666666666666,0.0,0.16666666666666666,0.16666666666666666,-0.2190200820874897,0,0.0,0.7,1.7999999999999998
6,D,3,0.4,4,6,0.7055555555555556,h,h1,1,-0.16666666666666666,0.0,0.16666666666666666,0.16666666666666666,-0.2190200820874897,0,0.0,0.1111111111111111,-3.5
7,I,3,0.4,4,6,0.7055555555555556,h,h1,1,-0.16666666666666666,0.0,0.16666666666666666,0.16666666666666666,-0.2190200820874897,0,0.0,1.0,4.5
8,T,3,0.4,4,6,0.7055555555555556,h,h1,1,-0.16666666666666666,0.0,0.16666666666666666,0.16666666666666666,-0.2190200820874897,0,0.0,0.4222222222222222,-0.7000000000000002
